<?xml version="1.0" encoding="UTF-8"?>
<project-private xmlns="http://www.netbeans.org/ns/project-private/1">
    <editor-bookmarks xmlns="http://www.netbeans.org/ns/editor-bookmarks/2" lastBookmarkId="0"/>
    <open-files xmlns="http://www.netbeans.org/ns/projectui-open-files/2">
        <group>
            <file>file:/C:/Users/Yerly_2/Documents/NetBeansProjects/Agro-precisa/web/imagenes/servicio.png</file>
            <file>file:/C:/Users/Yerly_2/Documents/NetBeansProjects/Agro-precisa/web/calculator.html</file>
            <file>file:/C:/Users/Yerly_2/Documents/NetBeansProjects/Agro-precisa/web/imagenes/rutina1.png</file>
            <file>file:/C:/Users/Yerly_2/Documents/NetBeansProjects/Agro-precisa/web/imagenes/fondo3.jpg</file>
            <file>file:/C:/Users/Yerly_2/Documents/NetBeansProjects/Agro-precisa/web/index.html</file>
            <file>file:/C:/Users/Yerly_2/Documents/NetBeansProjects/Agro-precisa/web/css/dev.css</file>
            <file>file:/C:/Users/Yerly_2/Documents/NetBeansProjects/Agro-precisa/web/imagenes/logo.png</file>
            <file>file:/C:/Users/Yerly_2/Documents/NetBeansProjects/Agro-precisa/web/css/css1.css</file>
            <file>file:/C:/Users/Yerly_2/Documents/NetBeansProjects/Agro-precisa/web/contacto.html</file>
            <file>file:/C:/Users/Yerly_2/Documents/NetBeansProjects/Agro-precisa/web/css/font-awesome.min.css</file>
            <file>file:/C:/Users/Yerly_2/Documents/NetBeansProjects/Agro-precisa/web/WEB-INF/rutinas.html</file>
            <file>file:/C:/Users/Yerly_2/Documents/NetBeansProjects/Agro-precisa/web/imagenes/productos1.png</file>
            <file>file:/C:/Users/Yerly_2/Documents/NetBeansProjects/Agro-precisa/web/servicios.html</file>
        </group>
    </open-files>
</project-private>
